bioguide_id,nominate_dim1,nominate_dim2
A000006,0.29,0.836
A000009,0.241,0.129
A000017,-0.743,0.423
A000026,-0.251,-0.051
A000028,-0.064,0.228
A000031,-0.3960000000000001,-0.127
A000041,0.4789999999999999,-0.519
A000043,-0.099,-0.823
A000048,-0.574,0.258
A000062,0.062,-0.435
A000069,-0.419,0.273
A000079,0.065,0.445
A000083,0.401,-0.811
A000107,0.332,-0.886
A000109,0.572,-0.121
A000110,0.563,-0.617
A000121,0.409,-0.053
A000126,0.454,0.426
A000127,0.016,1.0
A000130,0.366,0.29
A000139,0.128,0.452
A000141,-0.256,0.033
A000150,-0.36599999999999994,-0.773
A000153,-0.21400000000000002,0.977
A000160,0.314,-0.187
A000161,0.308,-0.445
A000172,0.351,-0.17800000000000002
A000181,-0.405,0.082
A000186,-0.20099999999999998,0.213
A000197,-0.21,0.023
A000202,-0.466,-0.044
A000208,0.08700000000000001,-0.024000000000000004
A000219,0.508,-0.14
A000244,-0.151,0.62
A000258,0.433,-0.337
A000262,0.286,-0.7249999999999999
A000275,-0.19600000000000004,0.802
A000279,-0.342,0.31
A000282,-0.162,-0.557
A000295,-0.125,-0.992
A000311,-0.413,-0.268
A000317,0.501,-0.865
A000319,-0.231,0.211
A000322,-0.447,-0.001
A000323,-0.492,-0.702
A000342,0.106,-0.515
A000355,0.311,-0.266
A000356,0.536,-0.18099999999999997
A000360,0.324,-0.176
A000368,0.351,-0.612
A000382,-0.442,0.048
B000010,-0.312,0.108
B000014,-0.39,-0.187
B000022,0.03,0.681
B000030,-0.514,0.126
B000039,-0.556,-0.09700000000000002
B000044,-0.63,-0.09800000000000002
B000046,-0.118,-0.15
B000049,-0.139,0.205
B000052,0.384,-0.517
B000053,0.647,-0.376
B000059,0.106,0.026
B000063,0.283,-0.445
B000070,0.542,0.169
B000084,-0.165,-0.373
B000089,0.345,-0.194
B000095,0.205,-0.694
B000096,0.535,0.018
B000099,0.24100000000000002,-0.821
B000100,0.59,-0.332
B000110,-0.38,-0.492
B000111,-0.284,0.313
B000127,-0.23,-0.281
B000129,-0.385,-0.291
B000132,0.154,-0.584
B000138,0.279,0.264
B000145,-0.375,0.087
B000154,0.06,0.681
B000166,-0.187,-0.041
B000168,-0.334,0.942
B000176,0.332,-0.046000000000000006
B000183,0.032,0.422
B000184,-0.472,0.572
B000192,0.141,0.701
B000200,0.433,0.069
B000201,-0.495,0.484
B000212,0.323,0.38
B000223,-0.414,0.779
B000226,0.087,0.007
B000227,-0.615,0.23499999999999996
B000228,0.34,0.374
B000233,0.638,-0.084
B000238,-0.285,0.137
B000243,-0.212,0.017
B000248,-0.351,0.517
B000249,0.619,-0.4699999999999999
B000251,0.11300000000000002,0.385
B000252,-0.259,-0.966
B000253,-0.412,-0.656
B000254,-0.408,0.042
B000271,0.17600000000000002,-0.55
B000272,0.19499999999999998,-0.593
B000289,-0.484,-0.033
B000293,-0.286,-0.18699999999999997
B000331,0.554,-0.832
B000337,0.268,0.072
B000340,-0.08,0.453
B000345,0.614,0.046000000000000006
B000351,0.307,-0.47
B000356,0.179,-0.893
B000365,-0.249,0.373
B000382,0.331,-0.11
B000384,0.447,-0.334
B000389,0.02,1.0
B000398,-0.294,-0.285
B000399,-0.535,-0.578
B000401,-0.163,0.458
B000413,-0.142,0.654
B000417,0.037,0.999
B000418,-0.65,0.358
B000428,0.436,-0.295
B000429,0.385,0.923
B000433,-0.098,-0.703
B000434,-0.373,-0.565
B000436,-0.2,0.528
B000444,-0.314,-0.042
B000456,-0.637,0.316
B000459,-0.35200000000000004,-0.38599999999999995
B000460,-0.171,0.939
B000468,-0.266,0.045
B000470,0.313,-0.95
B000473,0.09,-0.996
B000474,0.717,-0.697
B000499,-0.46,0.468
B000503,-0.121,-0.404
B000508,-0.53,-0.04
B000519,0.269,0.106
B000520,0.022000000000000002,1.0
B000523,0.004,-0.223
B000524,0.38400000000000006,-0.314
B000536,0.106,0.9
B000541,-0.423,-0.146
B000553,-0.934,-0.357
B000554,-0.219,-0.214
B000562,-0.367,-0.315
B000563,-0.36400000000000005,0.262
B000575,0.39799999999999996,0.18000000000000002
B000577,0.356,-0.935
B000593,0.21,-0.673
B000595,-0.624,0.625
B000611,0.31,-0.169
B000614,-0.04700000000000001,0.9460000000000001
B000630,0.104,-0.118
B000634,0.191,0.704
B000638,0.253,0.124
B000639,-0.142,0.771
B000642,-0.398,0.038
B000647,0.275,-0.734
B000656,0.386,-0.234
B000664,-0.004,1.0
B000670,0.325,0.492
B000674,0.386,-0.299
B000686,0.34400000000000003,0.529
B000709,0.259,-0.811
B000711,-0.45,-0.423
B000734,-0.245,-0.657
B000739,0.554,0.598
B000745,0.09,-0.202
B000749,0.412,-0.36999999999999994
B000753,0.282,0.497
B000756,0.399,-0.898
B000759,-0.438,0.443
B000760,0.706,-0.268
B000763,-0.224,-0.408
B000769,0.778,-0.628
B000774,-0.168,0.261
B000780,-0.123,0.702
B000787,-0.509,-0.131
B000789,-0.441,0.235
B000793,-0.4040000000000001,-0.592
B000802,-0.224,-0.064
B000813,-0.251,-0.09000000000000001
B000816,0.271,-0.393
B000818,-0.319,-0.695
B000820,0.528,-0.247
B000823,0.372,-0.475
B000827,0.54,-0.49499999999999994
B000828,-0.258,-0.212
B000835,-0.445,-0.606
B000844,0.231,0.973
B000850,-0.472,-0.493
B000851,0.345,-0.17699999999999996
B000857,0.335,0.933
B000861,-0.269,0.017
B000871,-0.10000000000000002,-0.995
B000872,-0.313,0.674
B000873,0.131,0.991
B000874,0.417,-0.029000000000000005
B000895,-0.034,-0.413
B000896,-0.327,-0.802
B000900,-0.414,0.087
B000902,0.742,0.67
B000903,-0.33,-0.44
B000905,0.234,0.319
B000914,0.259,0.623
B000916,-0.395,0.042
B000919,0.511,-0.762
B000921,0.036,-0.008
B000929,-0.277,-0.548
B000936,-0.312,-0.486
B000939,0.317,0.794
B000941,-0.324,-0.087
B000944,-0.425,-0.097
B000953,0.439,-0.306
B000960,-0.224,-0.975
B000963,0.363,0.3499999999999999
B000966,0.269,0.021
B000968,0.314,0.936
B000972,-0.045000000000000005,-0.677
B000982,0.333,-0.22
B000992,-0.38800000000000007,-0.557
B000993,-0.241,0.17600000000000002
B001005,-0.226,-0.161
B001013,0.373,-0.156
B001019,-0.43,0.051
B001021,0.3,-0.725
B001026,0.49899999999999994,-0.441
B001030,0.02,0.234
B001044,0.336,-0.9419999999999998
B001045,-0.242,-0.284
B001051,-0.235,0.635
B001055,0.014,0.802
B001057,-0.36199999999999993,0.389
B001061,-0.309,0.193
B001066,0.521,-0.04900000000000001
B001069,-0.072,0.899
B001076,-0.382,-0.117
B001077,-0.371,0.42
B001089,-0.08600000000000001,-0.122
B001099,-0.2,-0.027
B001103,0.393,0.8770000000000001
B001105,0.484,-0.38
B001117,0.386,0.702
B001125,0.541,-0.536
B001126,0.361,0.222
B001130,0.218,-0.323
B001133,-0.887,-0.462
B001135,0.435,-0.07
B001137,0.745,-0.39
B001142,0.448,-0.129
B001144,0.592,0.346
B001150,0.10100000000000002,-0.995
B001154,0.572,0.508
B001159,0.417,0.05500000000000001
B001167,0.28,-0.945
B001168,0.48500000000000004,0.465
B001173,-0.511,0.86
B001177,0.484,0.14
B001180,0.36800000000000005,-0.212
B001183,-0.221,0.975
B001184,-0.407,-0.285
B001186,-0.4,-0.9120000000000001
B001196,0.43,-0.425
B001208,0.188,0.564
B001209,0.092,0.968
B001210,-0.30900000000000005,0.729
B001215,-0.467,-0.028
B001225,-0.313,-0.568
B001230,-0.48600000000000004,-0.124
B001233,-0.158,-0.142
B001236,0.426,0.34
B001243,0.632,0.141
B001261,0.54,0.193
B001265,-0.235,0.15
B001266,-0.468,0.044
B001267,-0.242,-0.191
B001268,0.128,-0.294
B001277,-0.434,-0.152
B001288,-0.558,-0.25
B001299,0.648,0.014
B001303,-0.386,-0.12
B001305,0.633,-0.077
B001310,0.8000000000000002,0.6
B001319,0.586,0.587
B001320,-0.447,-0.073
C000009,0.657,0.569
C000016,-0.342,-0.9399999999999998
C000021,0.35200000000000004,-0.016
C000025,0.58,-0.519
C000027,0.312,0.152
C000044,-0.167,-0.291
C000051,-0.397,0.158
C000062,-0.43899999999999995,-0.567
C000063,-0.09,-0.465
C000064,0.314,0.13
C000065,0.21400000000000002,0.139
C000066,0.514,0.224
C000068,0.275,-0.163
C000076,-0.117,0.001
C000077,0.12400000000000001,0.1142857142857143
C000083,-0.278,0.206
C000118,0.095,0.995
C000120,-0.211,0.49499999999999994
C000127,-0.30799999999999994,-0.402
C000128,0.37,-0.222
C000130,-0.512,0.611
C000133,0.262,0.55
C000138,-0.179,0.691
C000139,-0.425,0.055
C000141,-0.32,-0.224
C000145,0.375,-0.18299999999999997
C000146,0.418,0.025
C000150,-0.262,0.265
C000152,-0.491,-0.456
C000154,0.23200000000000004,-0.24299999999999997
C000157,-0.4749999999999999,-0.161
C000171,0.273,0.128
C000174,-0.17899999999999996,-0.225
C000185,0.234,-0.619
C000189,-0.543,-0.08
C000200,0.37600000000000006,0.10100000000000002
C000211,-0.089,0.411
C000220,-0.108,-0.9940000000000001
C000221,0.239,0.032
C000227,0.357,0.053
C000233,-0.319,-0.513
C000236,-0.49499999999999994,-0.136
C000250,-0.13,-0.557
C000253,0.617,-0.341
C000254,0.33,-0.333
C000267,0.414,-0.435
C000269,0.084,-0.996
C000271,0.251,0.499
C000273,-0.619,0.604
C000277,-0.14,0.054
C000282,0.37,0.558
C000286,0.423,0.205
C000289,0.64,-0.091
C000290,-0.187,0.033
C000291,0.194,-0.18
C000298,0.291,-0.096
C000299,0.601,0.059000000000000004
C000317,-0.118,0.761
C000324,-0.553,0.593
C000325,0.195,0.9810000000000001
C000332,0.315,-0.949
C000338,-0.206,0.391
C000343,0.294,-0.374
C000348,-0.49,0.22
C000352,0.334,0.528
C000356,-0.224,0.555
C000357,-0.539,0.131
C000360,-0.237,-0.18800000000000003
C000369,0.559,0.444
C000375,0.3539999999999999,-0.074
C000379,0.201,-0.324
C000388,-0.38400000000000006,0.31
C000396,0.907,0.29
C000414,0.232,0.882
C000425,0.427,0.016
C000427,0.27,-0.8149999999999998
C000428,0.01,0.824
C000440,0.044,0.506
C000444,-0.576,-0.332
C000448,-0.55,-0.082
C000454,-0.235,-0.62
C000463,-0.132,-0.021
C000466,0.36000000000000004,0.17299999999999996
C000478,-0.395,0.107
C000480,-0.592,0.806
C000481,-0.472,0.067
C000482,0.262,0.547
C000496,0.395,0.883
C000497,0.746,0.007
C000498,0.315,0.882
C000499,0.442,-0.271
C000501,-0.692,0.563
C000506,-0.233,0.428
C000524,-0.235,0.46900000000000003
C000525,-0.366,-0.528
C000542,0.375,-0.227
C000553,-0.228,-0.9739999999999999
C000560,0.782,0.05500000000000001
C000567,0.287,0.051000000000000004
C000572,-0.45,0.22200000000000003
C000576,-0.513,0.289
C000597,-0.314,0.157
C000598,0.1,-0.615
C000601,-0.645,0.414
C000607,0.29,-0.19000000000000003
C000628,0.19299999999999998,-0.156
C000647,-0.49,-0.143
C000648,-0.6670000000000001,0.741
C000651,0.426,-0.486
C000657,-0.551,-0.773
C000671,-0.234,0.321
C000678,0.3539999999999999,-0.016
C000681,0.306,-0.39
C000684,-0.19499999999999998,0.581
C000695,0.328,0.036
C000701,0.133,0.991
C000703,0.043,0.999
C000705,-0.296,0.582
C000721,0.136,-0.347
C000740,-0.355,-0.556
C000751,-0.49499999999999994,-0.312
C000753,0.232,0.24
C000758,0.07,-0.40800000000000003
C000769,-0.028,0.029
C000771,0.291,-0.17600000000000002
C000774,0.225,0.075
C000791,0.248,0.231
C000797,-0.031,0.961
C000802,0.395,-0.318
C000812,0.157,0.354
C000813,0.407,-0.003
C000819,-0.257,-0.83
C000851,0.349,-0.646
C000852,0.34400000000000003,-0.309
C000858,0.494,-0.014
C000875,0.669,-0.654
C000877,-0.387,-0.207
C000880,0.505,0.291
C000888,0.261,0.522
C000895,-0.26,-0.9659999999999999
C000904,0.277,0.278
C000906,0.381,-0.265
C000912,0.029999999999999995,0.669
C000952,0.309,-0.303
C000963,-0.453,-0.249
C000973,0.286,-0.442
C000979,-0.41,-0.259
C000988,0.248,0.55
C001006,0.492,-0.004
C001008,0.433,0.24799999999999997
C001023,-0.338,0.002
C001028,0.227,0.833
C001031,-0.258,0.09400000000000001
C001034,-0.22,0.302
C001035,0.12399999999999999,-0.505
C001040,0.003,-1.0
C001041,-0.367,-0.24299999999999997
C001042,-0.446,-0.596
C001043,-0.239,0.259
C001047,0.284,0.144
C001056,0.4709999999999999,-0.062
C001057,0.18499999999999997,-0.125
C001070,-0.313,0.166
C001071,0.395,-0.34400000000000003
C001075,0.464,-0.04800000000000001
C001088,-0.238,-0.215
C001095,0.578,0.19899999999999998
C001096,0.4,0.367
C001098,0.781,-0.179
C001099,-0.462,0.348
C001100,0.218,0.384
C001113,-0.347,0.35
C001114,0.452,0.12
D000002,0.559,-0.349
D000009,0.431,0.04800000000000001
D000011,0.005,1.0
D000013,0.776,0.63
D000018,0.182,-0.337
D000022,-0.406,-0.159
D000024,0.7760000000000001,-0.18200000000000002
D000025,0.227,-0.21
D000030,0.196,-0.641
D000035,-0.457,0.018
D000036,0.024000000000000004,0.762
D000048,0.218,0.265
D000064,-0.303,0.114
D000069,0.822,0.268
D000095,0.293,-0.18
D000097,-0.06,-0.083
D000099,-0.121,0.638
D000103,-0.419,-0.438
D000111,0.229,0.1
D000112,-0.48100000000000004,0.037
D000113,-0.583,0.363
D000117,0.501,0.166
D000148,0.285,-0.243
D000156,-0.269,0.963
D000165,0.472,0.158
D000166,0.375,0.273
D000182,0.494,-0.37200000000000005
D000185,-0.216,0.564
D000233,0.511,0.14
D000242,-0.379,0.19600000000000004
D000259,0.467,0.18200000000000002
D000264,0.639,-0.363
D000270,-0.585,0.778
D000294,0.289,-0.418
D000295,0.919,0.377
D000296,0.469,0.552
D000298,-0.455,-0.891
D000302,0.486,-0.373
D000308,0.12,0.059
D000317,-0.43,-0.534
D000323,0.48500000000000004,0.351
D000324,0.609,-0.696
D000339,-0.48,-0.389
D000341,0.451,0.486
D000345,-0.022000000000000002,0.635
D000347,0.602,-0.499
D000360,0.317,-0.49800000000000005
D000365,-0.26,-0.9659999999999999
D000366,-0.18800000000000003,0.312
D000367,-0.136,0.631
D000369,0.108,-0.228
D000372,0.455,0.722
D000376,0.341,0.15
D000377,0.45,-0.8329999999999999
D000388,-0.328,-0.317
D000390,-0.216,-0.034
D000394,-0.369,-0.874
D000396,-0.185,-0.983
D000401,0.322,-0.279
D000404,0.312,0.547
D000405,0.38999999999999996,-0.218
D000407,0.257,-0.247
D000409,0.369,-0.434
D000410,0.107,0.66
D000414,0.204,-0.063
D000428,-0.006000000000000001,-0.617
D000432,-0.267,0.09
D000441,0.322,0.9129999999999999
D000456,-0.58,-0.815
D000457,-0.26,-0.551
D000469,-0.263,0.315
D000476,-0.419,0.045000000000000005
D000480,-0.102,0.995
D000484,0.37,0.182
D000507,0.488,-0.458
D000509,0.079,0.63
D000511,-0.08900000000000001,0.875
D000516,0.09100000000000001,-0.666
D000518,-0.17499999999999996,0.261
D000522,0.139,-0.99
D000559,0.549,-0.559
D000560,0.617,-0.18699999999999997
D000563,-0.34,-0.311
D000566,0.115,-0.793
D000573,0.244,-0.839
D000574,-0.43,0.171
D000585,0.402,0.056
D000595,0.7,-0.102
D000596,-0.421,0.209
D000601,0.363,0.124
D000607,-0.119,0.435
D000618,0.59,-0.024000000000000004
D000622,-0.345,0.05600000000000001
E000004,-0.38,0.209
E000017,0.603,0.658
E000018,0.024,1.0
E000024,-0.428,0.507
E000028,-0.37,-0.764
E000037,0.432,0.419
E000044,0.445,-0.691
E000046,0.385,-0.054
E000055,-0.197,0.243
E000056,0.274,-0.962
E000066,-0.20200000000000004,-0.979
E000068,-0.064,0.836
E000070,0.571,0.294
E000075,-0.725,-0.689
E000078,-0.026,1.0
E000109,0.535,-0.135
E000110,0.402,-0.3
E000112,-0.089,0.996
E000114,-0.591,-0.806
E000124,-0.08900000000000001,-0.4000000000000001
E000136,-0.401,-0.632
E000147,0.53,0.809
E000155,0.408,0.171
E000158,-0.534,0.845
E000181,-0.219,0.09600000000000002
E000185,-0.123,0.218
E000194,0.508,-0.464
E000197,-0.248,-0.096
E000202,-0.116,0.752
E000206,0.539,-0.114
E000211,-0.041,0.9990000000000001
E000229,-0.418,0.126
E000236,0.239,-0.971
E000241,0.576,0.042
E000249,-0.49700000000000005,0.867
E000262,0.284,-0.566
E000264,0.383,0.108
E000281,0.454,0.326
E000283,-0.375,0.927
E000284,-0.214,0.868
E000285,0.545,0.19899999999999998
E000286,-0.291,0.127
E000295,0.537,-0.032
F000002,-0.34,-0.134
F000003,0.457,-0.505
F000006,-0.313,-0.651
F000011,0.272,0.033
F000013,0.512,0.028
F000020,-0.534,0.159
F000037,0.278,-0.023000000000000003
F000038,0.461,-0.887
F000045,-0.389,-0.387
F000057,-0.042,0.725
F000061,-0.308,-0.951
F000062,-0.268,-0.184
F000063,-0.255,-0.874
F000068,0.182,-0.264
F000074,-0.444,0.277
F000077,0.18299999999999997,-0.553
F000081,0.32,-0.947
F000084,0.577,-0.063
F000092,-0.09500000000000001,0.17299999999999996
F000094,0.178,-0.476
F000095,0.315,0.134
F000096,0.48100000000000004,-0.029
F000099,0.24399999999999997,-0.438
F000100,-0.505,-0.433
F000122,0.043000000000000003,0.17499999999999996
F000140,0.235,0.26
F000154,0.084,0.51
F000158,-0.342,-0.226
F000167,-0.2,-0.568
F000174,-0.692,0.588
F000186,0.308,0.29
F000190,0.17499999999999996,-0.789
F000200,-0.36499999999999994,-0.37
F000207,0.459,-0.062
F000234,0.284,-0.325
F000245,0.165,-0.515
F000247,0.527,-0.314
F000248,0.27,-0.059
F000251,-0.422,0.035
F000253,0.353,-0.245
F000268,-0.277,0.705
F000284,-0.313,-0.116
F000298,0.461,0.235
F000301,0.692,0.036
F000302,-0.103,0.578
F000304,-0.047,-0.764
F000308,0.142,-0.838
F000310,-0.287,-0.88
F000313,0.286,0.675
F000324,-0.135,0.991
F000329,-0.237,0.19600000000000004
F000333,0.4709999999999999,0.36599999999999994
F000336,0.353,-0.355
F000344,-0.215,-0.22
F000352,-0.513,-0.073
F000354,0.221,0.9750000000000001
F000356,0.034,0.47700000000000004
F000368,0.958,-0.283
F000369,0.332,-0.628
F000370,0.621,-0.301
F000373,0.343,0.49499999999999994
F000374,-0.266,-0.674
F000389,0.168,0.132
F000398,0.387,-0.432
F000401,-0.38,0.925
F000420,0.40199999999999997,0.355
F000425,-0.608,0.433
F000437,0.709,0.5
F000438,0.492,0.04
F000439,0.36599999999999994,-0.222
F000442,0.28,-0.8249999999999998
F000444,0.855,-0.518
F000457,-0.399,-0.169
F000463,0.46,0.335
F000479,-0.186,0.146
G000005,-0.126,-0.418
G000020,-0.112,-0.105
G000023,0.553,-0.306
G000032,0.391,0.3459999999999999
G000034,-0.137,0.761
G000060,-0.161,0.041
G000065,-0.365,0.298
G000072,0.495,-0.127
G000090,-0.307,-0.076
G000104,-0.284,-0.429
G000110,0.576,-0.17600000000000002
G000112,-0.403,0.834
G000127,-0.482,0.285
G000131,-0.064,0.363
G000136,0.549,0.836
G000141,-0.18699999999999997,-0.4789999999999999
G000146,-0.147,0.18299999999999997
G000157,-0.319,-0.564
G000158,0.255,-0.018
G000159,0.006,-1.0
G000164,-0.17,-0.985
G000165,-0.363,-0.604
G000171,0.34,-0.042
G000183,0.018,0.068
G000201,0.662,-0.379
G000204,0.519,-0.855
G000205,-0.076,0.356
G000215,0.387,0.05500000000000001
G000232,-0.304,-0.3489999999999999
G000236,-0.262,-0.067
G000238,0.279,-0.11
G000254,0.449,-0.319
G000255,0.326,0.19699999999999998
G000262,0.472,-0.49
G000264,0.484,-0.098
G000266,-0.569,0.169
G000267,0.641,-0.289
G000282,0.253,-0.967
G000286,0.779,0.057
G000288,0.4109999999999999,0.45899999999999996
G000293,0.759,-0.04
G000313,-0.376,0.145
G000320,-0.328,0.551
G000321,-0.316,0.155
G000322,0.556,-0.44
G000323,-0.127,0.253
G000326,-0.346,-0.596
G000333,0.271,-0.652
G000337,-0.098,0.497
G000340,0.492,-0.403
G000352,-0.231,-0.012
G000353,-0.553,0.186
G000359,0.367,-0.269
G000362,-0.054,0.616
G000365,0.551,-0.108
G000366,0.352,-0.936
G000367,0.506,-0.19499999999999998
G000386,0.36200000000000004,-0.035
G000388,-0.284,0.078
G000396,-0.43,-0.9029999999999999
G000414,-0.553,-0.26
G000418,-0.342,-0.025000000000000005
G000424,0.433,0.216
G000425,0.543,-0.334
G000427,0.38,0.536
G000442,-0.024000000000000004,0.20299999999999999
G000445,0.429,-0.737
G000465,0.327,-0.68
G000475,0.171,0.033
G000481,0.21,-0.478
G000491,0.254,0.934
G000492,-0.423,-0.546
G000505,-0.486,0.4040000000000001
G000508,-0.689,0.724
G000509,-0.3499999999999999,-0.021
G000510,0.662,-0.574
G000519,-0.656,-0.36400000000000005
G000520,0.517,-0.215
G000522,-0.053,-0.822
G000526,0.218,-0.884
G000531,0.306,0.18299999999999997
G000532,0.217,-0.117
G000534,-0.524,-0.279
G000540,-0.381,-0.373
G000555,-0.44900000000000007,-0.308
G000561,-0.747,-0.063
G000562,0.444,-0.029
G000574,-0.358,0.141
H000016,-0.227,-0.764
H000029,0.284,-0.457
H000031,0.403,-0.41
H000034,0.11,-0.8
H000115,0.1,-0.416
H000118,-0.672,-0.7120000000000001
H000121,0.195,-0.981
H000128,-0.432,0.902
H000141,-0.476,-0.455
H000163,0.607,-0.596
H000167,-0.288,-0.17499999999999996
H000169,0.372,0.22
H000170,0.48900000000000005,-0.036
H000176,0.453,0.098
H000186,0.131,0.398
H000189,0.052,0.506
H000192,0.595,-0.315
H000193,-0.238,-0.024000000000000004
H000206,-0.351,-0.546
H000211,0.335,0.183
H000225,0.469,-0.065
H000226,0.226,-0.827
H000227,0.465,0.464
H000237,-0.4,0.162
H000242,0.119,-0.328
H000243,-0.586,-0.071
H000246,0.197,0.468
H000258,-0.162,0.7760000000000001
H000259,-0.434,0.046
H000263,0.323,-0.325
H000265,-0.48299999999999993,-0.18699999999999997
H000273,-0.29,-0.016
H000279,0.019,1.0
H000287,-0.422,0.08700000000000001
H000291,-0.4749999999999999,-0.358
H000293,0.241,-0.942
H000297,-0.42,0.238
H000307,0.191,0.982
H000317,-0.465,0.416
H000325,0.594,-0.49399999999999994
H000334,-0.241,0.285
H000338,0.382,-0.004
H000342,0.513,0.275
H000343,0.056,-0.773
H000344,-0.329,0.512
H000346,-0.465,-0.04
H000353,-0.487,-0.838
H000362,-0.279,-0.409
H000365,0.417,-0.04700000000000001
H000368,-0.046000000000000006,-0.664
H000374,0.18499999999999997,-0.0030000000000000005
H000377,0.304,-0.753
H000384,0.433,-0.602
H000385,-0.221,0.334
H000397,-0.43,0.214
H000398,-0.04,-0.571
H000411,-0.656,0.754
H000428,-0.31,-0.121
H000436,0.466,-0.8850000000000001
H000439,0.49099999999999994,-0.147
H000445,-0.095,0.995
H000446,-0.451,0.041
H000456,0.078,-0.735
H000458,-0.25,0.968
H000463,0.631,0.776
H000467,0.574,0.513
H000468,-0.546,-0.671
H000477,-0.213,-0.018
H000481,-0.48,0.877
H000482,-0.243,0.653
H000483,0.025,0.206
H000493,-0.436,0.18200000000000002
H000494,0.001,1.0
H000495,0.248,-0.969
H000502,-0.356,-0.038
H000508,0.123,-0.573
H000527,-0.521,0.09000000000000001
H000543,-0.303,0.019
H000554,0.318,-0.946
H000559,0.37200000000000005,-0.316
H000561,-0.235,0.478
H000567,-0.222,-0.839
H000577,0.36199999999999993,-0.37799999999999995
H000587,-0.323,-0.18099999999999997
H000590,-0.118,-0.318
H000593,-0.876,0.167
H000598,-0.265,0.851
H000599,-0.054,0.414
H000601,0.6789999999999999,-0.085
H000603,0.36599999999999994,0.264
H000618,0.691,-0.249
H000629,0.798,-0.27
H000643,0.399,-0.546
H000645,-0.17899999999999996,0.052
H000646,-0.119,0.993
H000648,0.209,0.638
H000654,0.329,-0.394
H000661,0.73,-0.258
H000665,0.282,-0.444
H000675,-0.393,0.766
H000679,-0.02,0.58
H000720,0.009,0.599
H000725,-0.293,0.9249999999999999
H000727,-0.34400000000000003,0.131
H000731,0.29,0.308
H000735,-0.152,-0.135
H000739,0.342,0.059
H000749,0.283,0.8000000000000002
H000770,0.444,0.466
H000795,0.522,-0.044000000000000004
H000822,-0.6,-0.141
H000827,-0.36100000000000004,-0.056
H000839,0.425,0.203
H000841,0.58,-0.21
H000856,0.315,-0.119
H000864,0.273,-0.17
H000865,-0.162,0.132
H000868,0.228,0.956
H000870,-0.17800000000000002,-0.22
H000875,0.446,-0.063
H000883,-0.405,-0.536
H000905,-0.314,0.532
H000913,-0.273,0.447
H000917,-0.538,0.843
H000919,-0.4,-0.751
H000922,-0.592,0.255
H000926,-0.611,-0.302
H000929,-0.309,-0.141
H000940,-0.435,0.139
H000951,0.589,0.032
H000953,-0.397,-0.09300000000000001
H000956,-0.456,-0.206
H000963,-0.324,0.067
H000975,-0.165,0.242
H000982,0.183,-0.806
H000988,-0.576,0.749
H000991,0.505,-0.134
H000997,0.485,-0.02
H000999,-0.416,-0.007
H001006,-0.261,0.354
H001015,0.419,0.072
H001016,0.356,0.012
H001028,0.34400000000000003,-0.498
H001041,0.463,-0.459
H001042,-0.512,-0.089
H001046,-0.334,-0.001
H001049,-0.20200000000000004,0.281
H001061,0.401,0.449
H001069,-0.122,0.399
H001075,-0.709,-0.105
H001076,-0.225,0.019
H001079,0.449,0.333
H001089,0.83,-0.372
H001097,-0.347,-0.308
H001104,0.669,0.672
I000012,0.196,0.429
I000024,0.552,0.045
I000025,-0.319,0.062
I000027,-0.299,0.892
I000028,-0.06,-0.65
I000049,-0.631,-0.09100000000000001
I000050,0.043000000000000003,-0.999
I000053,0.446,-0.587
I000055,0.402,-0.011
J000005,-0.49700000000000005,0.868
J000013,-0.296,0.065
J000014,-0.391,-0.085
J000017,-0.32,-0.181
J000026,-0.38,-0.925
J000030,0.463,-0.149
J000046,-0.055,-0.587
J000051,-0.546,-0.233
J000059,0.21,-0.128
J000063,-0.604,0.051
J000064,-0.124,-0.992
J000072,-0.0733,-0.6618
J000093,0.572,-0.011
J000094,-0.743,-0.67
J000101,0.337,-0.012000000000000002
J000116,-0.35,-0.121
J000124,-0.168,-0.162
J000127,0.01,0.537
J000128,-0.349,0.214
J000137,-0.041,0.25
J000139,-0.64,0.298
J000140,0.294,0.714
J000160,-0.242,0.528
J000161,0.17,0.838
J000162,0.411,0.271
J000169,-0.09100000000000001,0.035
J000170,-0.18,0.02
J000172,-0.416,0.188
J000177,-0.25,0.143
J000179,-0.326,0.906
J000182,0.991,0.137
J000189,-0.19200000000000003,0.765
J000191,-0.42,0.069
J000193,-0.477,-0.713
J000194,0.25,0.239
J000195,-0.166,0.986
J000198,-0.025,-0.527
J000204,-0.506,0.028
J000210,-0.222,-0.09200000000000001
J000214,-0.353,0.055
J000221,-0.345,-0.608
J000229,-0.18099999999999997,0.40199999999999997
J000231,-0.531,0.149
J000237,0.204,0.232
J000257,0.319,0.391
J000267,-0.093,0.985
J000269,0.373,-0.36000000000000004
J000291,0.391,0.293
J000293,0.643,-0.144
J000300,-0.088,0.187
J000312,0.587,0.348
K000006,-0.359,0.552
K000011,0.345,-0.201
K000017,0.2,-0.566
K000019,0.261,-0.112
K000023,-0.426,-0.695
K000026,0.3960000000000001,-0.514
K000028,0.466,-0.8850000000000001
K000034,0.678,-0.019
K000036,0.131,-0.991
K000044,-0.429,0.372
K000065,0.212,0.025000000000000005
K000069,0.245,0.729
K000074,-0.383,-0.139
K000079,-0.334,-0.079
K000082,0.49899999999999994,-0.057
K000088,0.46,0.155
K000098,-0.034,-0.055
K000099,-0.392,-0.122
K000103,-0.246,0.21
K000105,-0.443,-0.49
K000107,-0.311,-0.244
K000114,-0.472,-0.419
K000121,-0.505,-0.267
K000125,0.071,0.18000000000000002
K000129,0.18200000000000002,0.827
K000132,-0.287,0.072
K000133,-0.365,-0.8530000000000001
K000139,0.11,0.702
K000141,-0.251,-0.885
K000144,-0.209,0.726
K000146,-0.223,-0.055
K000148,-0.352,-0.382
K000156,-0.351,0.708
K000161,0.389,-0.435
K000176,-0.476,0.073
K000207,-0.274,-0.7600000000000001
K000211,0.068,-0.9979999999999999
K000212,0.575,-0.302
K000216,-0.224,-0.165
K000217,-0.373,-0.088
K000233,-0.327,0.253
K000242,0.27,0.282
K000246,0.059,-0.355
K000255,0.426,0.32
K000287,0.48899999999999993,0.308
K000292,0.227,-0.453
K000296,0.654,-0.265
K000305,-0.256,-0.40599999999999997
K000333,-0.117,0.4
K000335,0.098,-0.61
K000352,0.548,-0.413
K000353,-0.108,0.48100000000000004
K000360,0.274,-0.647
K000367,-0.278,-0.325
K000373,-0.391,-0.126
K000374,-0.517,0.012
K000377,-0.264,0.29
K000383,-0.167,-0.187
K000384,-0.23699999999999996,-0.112
K000393,0.56,-0.149
K000394,-0.408,0.231
L000004,0.098,0.995
L000005,0.048,0.95
L000011,-0.531,-0.18699999999999997
L000012,0.209,0.448
L000025,-0.376,0.273
L000030,-0.374,-0.013000000000000001
L000035,-0.166,0.17800000000000002
L000036,0.247,0.465
L000059,-0.154,0.77
L000060,0.142,0.345
L000061,0.09300000000000001,0.09100000000000001
L000062,-0.654,-0.672
L000067,-0.36999999999999994,0.107
L000070,0.023,0.43600000000000005
L000083,0.6830000000000002,0.466
L000092,0.447,-0.285
L000110,-0.204,0.119
L000114,-0.305,0.109
L000115,0.73,-0.043
L000120,0.749,-0.04900000000000001
L000122,0.213,-0.281
L000123,-0.382,-0.579
L000148,0.48999999999999994,-0.146
L000165,-0.35799999999999993,-0.042
L000173,-0.56,0.006
L000174,-0.36000000000000004,-0.121
L000177,-0.13,0.106
L000189,-0.309,0.016
L000198,-0.215,0.695
L000201,-0.384,-0.54
L000224,-0.658,-0.401
L000229,-0.058,0.093
L000232,0.242,-0.805
L000240,0.048,0.941
L000241,0.24500000000000002,0.338
L000261,-0.395,-0.116
L000278,-0.623,0.782
L000284,-0.379,-0.141
L000285,0.17,0.969
L000304,-0.205,-0.312
L000327,-0.49800000000000005,-0.8019999999999999
L000338,-0.57,0.19800000000000004
L000343,0.613,-0.598
L000364,0.35,0.731
L000366,-0.002,0.523
L000376,-0.008,-0.285
L000377,0.557,0.685
L000378,0.57,-0.159
L000386,-0.255,0.257
L000393,0.568,-0.448
L000394,0.083,-0.997
L000401,-0.075,-0.458
L000403,0.215,0.336
L000404,-0.392,0.082
L000405,-0.295,0.249
L000409,-0.244,-0.363
L000412,0.574,0.136
L000415,-0.311,0.072
L000418,0.251,0.862
L000425,-0.509,0.387
L000427,-0.165,0.704
L000428,-0.18,0.873
L000444,0.452,-0.129
L000447,0.39,0.194
L000485,0.552,0.3499999999999999
L000493,-0.313,-0.137
L000504,0.304,-0.46599999999999997
L000512,-0.446,-0.178
L000514,0.217,0.976
L000520,-0.024,-0.144
L000544,-0.258,-0.258
L000550,-0.203,0.444
L000570,-0.38000000000000006,0.032
L000571,0.685,-0.327
L000572,0.34,0.081
L000575,0.59,0.148
L000577,0.891,-0.454
L000594,0.555,-0.203
M000012,-0.57,-0.499
M000019,0.466,-0.321
M000029,-0.38199999999999995,-0.9049999999999999
M000031,-0.692,0.519
M000034,-0.33,-0.944
M000053,-0.325,0.179
M000056,-0.132,-0.305
M000067,0.397,0.296
M000076,0.734,-0.592
M000084,-0.471,0.101
M000085,-0.399,0.035
M000086,0.312,0.413
M000088,-0.156,-0.116
M000095,0.262,-0.121
M000096,-0.036,0.294
M000113,-0.439,0.43
M000116,0.157,0.649
M000127,-0.38,0.857
M000133,-0.517,-0.471
M000137,0.3960000000000001,0.576
M000155,-0.14,0.9899999999999999
M000165,0.302,-0.072
M000166,-0.146,-0.844
M000177,0.441,-0.49700000000000005
M000181,-0.324,-0.144
M000185,-0.41,0.386
M000199,0.304,-0.17
M000200,-0.357,-0.485
M000205,-0.164,0.289
M000213,0.039,0.999
M000216,-0.545,0.636
M000217,0.649,-0.346
M000221,0.356,-0.139
M000226,-0.617,-0.652
M000228,0.307,-0.132
M000229,0.326,-0.104
M000236,-0.324,0.805
M000240,0.106,0.251
M000241,-0.033,-0.999
M000250,-0.379,-0.032
M000255,0.214,0.373
M000257,0.333,0.129
M000265,-0.4789999999999999,0.301
M000279,-0.126,0.901
M000281,-0.336,0.247
M000293,-0.17899999999999996,0.381
M000300,0.48,-0.19099999999999998
M000303,0.381,-0.626
M000308,0.05999999999999999,0.659
M000311,-0.433,0.035
M000315,0.287,0.01
M000332,0.017,0.962
M000346,0.492,0.043
M000351,0.326,0.054
M000355,0.402,0.018
M000357,0.476,0.564
M000369,0.3960000000000001,0.328
M000382,-0.365,-0.067
M000385,-0.881,-0.03
M000392,0.36,0.204
M000397,0.318,-0.069
M000407,0.237,0.026
M000408,0.252,0.968
M000412,-0.296,-0.144
M000416,-0.153,0.254
M000426,-0.291,0.432
M000429,-0.052,-0.559
M000438,-0.252,0.7079999999999999
M000445,-0.24000000000000002,0.145
M000447,-0.072,0.756
M000452,-0.573,0.223
M000456,-0.406,-0.014
M000475,0.312,0.655
M000486,-0.279,0.068
M000492,0.008,0.677
M000499,-0.209,0.312
M000519,-0.344,0.068
M000521,0.49300000000000005,0.063
M000535,0.007,0.334
M000542,-0.658,0.217
M000543,-0.261,0.13
M000547,0.49600000000000005,-0.373
M000550,-0.034,0.146
M000559,-0.343,-0.411
M000563,0.164,0.91
M000567,0.312,-0.576
M000570,0.422,-0.09600000000000002
M000582,-0.568,-0.09100000000000001
M000583,0.276,0.277
M000593,-0.387,-0.885
M000596,-0.664,0.464
M000599,-0.7,-0.157
M000615,-0.446,-0.487
M000621,0.417,0.05
M000623,0.585,-0.21
M000633,0.135,0.714
M000635,-0.329,0.39799999999999996
M000636,0.732,-0.523
M000639,-0.366,-0.126
M000650,-0.462,0.065
M000654,-0.041,0.867
M000659,-0.49899999999999994,-0.023000000000000003
M000670,0.342,-0.9400000000000001
M000671,-0.48299999999999993,0.379
M000676,0.093,0.287
M000678,-0.492,-0.266
M000702,-0.37,-0.128
M000710,0.556,-0.217
M000712,-0.015,-0.18600000000000003
M000716,-0.239,0.278
M000728,-0.638,0.342
M000730,0.326,-0.418
M000731,0.385,0.246
M000738,-0.079,0.737
M000740,0.286,0.219
M000755,0.111,-0.843
M000760,0.342,-0.26
M000771,0.271,-0.079
M000774,0.624,-0.253
M000777,-0.471,0.0
M000787,-0.479,-0.376
M000788,-0.391,0.73
M000800,-0.504,-0.037
M000801,-0.969,-0.245
M000811,-0.347,-0.03
M000814,-0.512,-0.202
M000818,0.285,0.443
M000819,0.415,-0.277
M000821,-0.34800000000000003,-0.622
M000828,0.696,-0.106
M000831,0.08900000000000001,0.36199999999999993
M000851,-0.439,-0.217
M000854,-0.435,-0.222
M000858,-0.514,-0.762
M000859,-0.264,0.36
M000876,-0.269,0.288
M000878,-0.416,-0.877
M000879,0.487,0.873
M000889,-0.228,-0.769
M000891,-0.244,-0.45
M000893,-0.391,-0.435
M000895,0.642,0.52
M000898,-0.108,-0.157
M000934,0.413,0.221
M000938,0.216,0.34400000000000003
M000949,0.3,-0.727
M000954,-0.43,-0.22
M000956,-0.237,0.894
M000966,0.36599999999999994,-0.931
M000969,0.311,-0.773
M000970,0.306,-0.598
M000976,0.647,-0.602
M000985,0.6999999999999998,-0.691
M000989,-0.232,-0.19000000000000003
M000993,-0.199,0.117
M001002,0.19,-0.585
M001003,0.033,0.3459999999999999
M001014,-0.6293333333333333,0.1176666666666667
M001015,-0.341,0.9330000000000002
M001020,0.306,0.38000000000000006
M001022,0.20000000000000004,-0.4000000000000001
M001025,-0.335,-0.504
M001028,0.709,-0.46
M001033,-0.396,0.192
M001050,-0.584,0.184
M001054,-0.301,-0.414
M001078,0.275,-0.018
M001082,-0.351,-0.06
M001085,0.346,-0.275
M001090,-0.277,-0.534
M001092,0.341,-0.251
M001100,0.331,-0.13
M001103,-0.143,0.443
M001108,-0.432,0.35
M001111,-0.356,-0.314
M001121,-0.37900000000000006,-0.052
M001127,-0.446,-0.18400000000000002
M001129,-0.223,-0.06
M001141,0.146,0.105
M001153,0.20299999999999999,-0.304
M001162,0.333,-0.417
M001169,-0.287,-0.258
M001170,-0.143,0.023000000000000003
M001176,-0.453,-0.719
M001183,-0.05733333333333333,0.26611111111111113
M001190,0.531,0.251
M001197,0.345,0.027
M001198,0.607,0.139
M001242,0.74,0.236
M001243,0.6,0.588
M001244,0.712,0.108
N000010,0.606,0.337
N000023,-0.346,0.311
N000032,-0.193,0.337
N000033,-0.567,0.198
N000040,0.259,0.057
N000050,-0.228,0.114
N000052,-0.665,0.066
N000053,-0.543,-0.419
N000059,0.59,-0.231
N000062,0.469,-0.163
N000069,-0.177,-0.067
N000085,-0.284,0.212
N000086,-0.18499999999999997,0.025000000000000005
N000096,-0.435,-0.219
N000101,0.54,0.372
N000102,0.52,0.111
N000108,-0.272,-0.525
N000114,0.426,-0.14
N000116,0.162,-0.388
N000118,0.26,0.629
N000132,0.281,0.852
N000139,0.134,0.991
N000140,-0.308,-0.606
N000142,0.429,-0.235
N000145,-0.138,0.13
N000158,-0.575,0.276
N000160,-0.49099999999999994,0.054
N000162,0.343,-0.291
N000169,-0.249,0.198
N000171,-0.145,0.754
N000176,0.246,0.969
N000177,0.402,0.287
N000180,-0.03,0.588
O000032,-0.04700000000000001,0.0030000000000000005
O000034,0.231,0.973
O000035,0.522,0.215
O000041,0.62,-0.008
O000048,0.27,0.256
O000050,-0.17299999999999996,-0.09500000000000001
O000060,0.687,-0.727
O000073,0.587,-0.809
O000088,-0.236,0.24300000000000002
O000109,0.435,0.9010000000000001
O000127,0.664,-0.08700000000000001
O000140,-0.411,-0.38
O000146,-0.053,0.674
O000153,-0.228,0.078
O000167,-0.343,-0.434
O000174,-0.459,0.4749999999999999
P000009,0.135,-0.78
P000010,0.248,0.542
P000014,0.431,-0.055
P000019,-0.41,-0.333
P000026,0.429,0.648
P000042,-0.405,-0.899
P000044,0.353,0.063
P000045,0.492,0.261
P000067,0.437,0.9
P000069,-0.332,-0.943
P000079,0.28,-0.244
P000084,0.216,0.009
P000091,0.565,0.311
P000095,-0.516,-0.14
P000100,-0.256,-0.144
P000102,0.959,0.282
P000110,-0.289,0.45
P000120,0.29,-0.438
P000123,0.10000000000000002,0.995
P000127,0.505,0.045000000000000005
P000130,-0.28,0.052
P000141,0.493,-0.273
P000145,-0.438,-0.249
P000150,0.09400000000000001,-0.514
P000151,-0.225,-0.414
P000156,-0.36999999999999994,-0.299
P000161,-0.069,0.8230000000000001
P000166,0.134,-0.47
P000172,0.253,0.968
P000188,-0.058,0.9979999999999999
P000193,-0.332,-0.326
P000203,-0.423,-0.149
P000216,-0.536,0.109
P000217,0.619,-0.359
P000218,-0.422,0.357
P000219,0.49099999999999994,-0.653
P000222,0.099,-0.861
P000223,-0.188,-0.472
P000228,0.436,0.424
P000232,0.308,-0.021
P000238,-0.64,0.21
P000271,0.071,0.997
P000277,-0.173,-0.446
P000279,-0.424,-0.261
P000290,-0.258,-0.029
P000299,0.24,0.118
P000317,0.577,-0.321
P000322,-0.197,-0.019
P000324,0.646,-0.409
P000333,-0.428,-0.381
P000334,0.279,0.164
P000345,0.244,-0.603
P000351,0.3960000000000001,0.017
P000354,-0.474,0.534
P000360,0.47,0.577
P000362,-0.107,0.026
P000372,-0.269,-0.028
P000382,0.433,-0.901
P000383,0.469,-0.244
P000386,-0.135,-0.041
P000389,0.196,0.826
P000393,0.843,-0.537
P000402,0.20299999999999999,-0.399
P000403,0.19899999999999998,0.341
P000406,0.231,-0.075
P000411,-0.551,-0.417
P000417,-0.419,-0.022
P000420,-0.19099999999999998,-0.143
P000423,0.357,0.235
P000427,0.231,0.973
P000430,-0.15,0.753
P000431,-0.065,0.36800000000000005
P000436,0.127,0.091
P000437,0.282,-0.18000000000000002
P000449,0.371,-0.208
P000450,-0.371,0.401
P000460,0.249,-0.438
P000468,-0.338,-0.941
P000473,0.409,-0.816
P000481,-0.526,0.289
P000486,0.37600000000000006,0.639
P000497,0.252,0.03
P000506,-0.14,0.629
P000510,0.4749999999999999,-0.126
P000513,0.213,-0.259
P000519,0.006,0.167
P000539,0.146,-0.237
P000545,0.45,0.132
P000547,0.44,-0.592
P000552,0.17,-0.564
P000553,-0.598,0.801
P000556,-0.322,0.598
P000557,-0.573,-0.039
P000560,-0.41,-0.783
P000561,-0.437,0.078
P000570,-0.464,0.034
P000575,0.18600000000000003,-0.8290000000000001
P000590,-0.19899999999999998,0.463
P000595,-0.25,-0.18299999999999997
P000603,0.891,-0.454
P000612,0.562,-0.075
Q000003,0.494,-0.225
Q000006,0.171,-0.432
Q000007,0.49800000000000005,-0.691
R000006,-0.263,-0.212
R000020,-0.107,0.229
R000026,0.339,0.296
R000046,-0.247,0.31
R000047,-0.106,-0.994
R000050,-0.408,-0.661
R000059,-0.211,-0.543
R000062,-0.417,-0.08600000000000001
R000063,0.106,-0.214
R000073,-0.36000000000000004,0.553
R000075,0.328,0.265
R000086,-0.296,-0.537
R000091,0.282,-0.239
R000092,0.7680000000000001,-0.36599999999999994
R000098,-0.5,0.041
R000099,-0.49,-0.088
R000112,0.323,0.033
R000114,0.47800000000000004,-0.8099999999999999
R000118,-0.19,0.298
R000122,-0.36,-0.155
R000125,0.309,-0.339
R000129,-0.233,0.863
R000144,-0.59,0.248
R000146,-0.276,0.258
R000166,0.38,0.706
R000167,0.28,0.069
R000179,-0.039,0.63
R000180,0.631,-0.492
R000184,-0.623,0.568
R000191,-0.313,-0.328
R000195,0.245,0.9700000000000001
R000198,-0.457,-0.779
R000221,0.494,-0.581
R000228,-0.303,0.066
R000239,-0.275,0.418
R000241,0.011000000000000001,0.171
R000245,0.213,-0.226
R000249,-0.426,-0.121
R000285,-0.255,0.66
R000290,-0.381,0.324
R000293,-0.152,-0.356
R000295,-0.20000000000000004,-0.04
R000297,0.457,0.6529999999999999
R000307,0.413,-0.09000000000000001
R000313,-0.692,-0.35
R000317,0.078,0.754
R000320,0.36800000000000005,0.4040000000000001
R000327,0.128,0.44000000000000006
R000332,0.41899999999999993,0.472
R000344,-0.67,0.742
R000346,-0.357,0.454
R000347,-0.42499999999999993,-0.275
R000350,-0.7319999999999999,0.649
R000358,0.294,0.123
R000361,-0.326,0.177
R000368,0.46,-0.081
R000377,-0.143,0.039
R000411,0.325,-0.327
R000430,0.4709999999999999,-0.534
R000443,-0.23,0.462
R000445,0.065,0.617
R000448,0.85,-0.526
R000450,0.297,-0.955
R000460,0.272,-0.39
R000471,-0.046000000000000006,-0.271
R000497,0.301,-0.673
R000500,0.388,0.73
R000502,-0.185,0.573
R000518,-0.387,0.064
R000525,-0.031,0.87
R000536,0.005,1.0
R000550,0.871,-0.252
R000584,0.552,0.384
R000595,0.616,-0.184
R000605,0.351,0.08600000000000001
R000608,-0.286,0.317
R000615,0.286,0.294
R000618,0.441,0.506
S000003,0.218,-0.037
S000006,0.387,-0.059
S000016,-0.462,-0.005
S000021,0.175,-0.536
S000033,-0.545,-0.42800000000000005
S000038,0.408,-0.147
S000039,0.357,0.319
S000052,0.126,0.132
S000055,-0.297,0.137
S000059,0.338,-0.234
S000064,-0.435,-0.221
S000065,0.289,-0.272
S000068,-0.355,0.562
S000072,-0.645,-0.586
S000073,-0.375,-0.807
S000074,-0.516,0.265
S000076,0.369,0.631
S000086,0.224,0.37200000000000005
S000091,0.419,-0.158
S000096,0.271,-0.8850000000000001
S000113,0.321,0.595
S000132,0.377,-0.455
S000138,0.37700000000000006,0.012
S000148,-0.355,-0.411
S000150,0.625,0.168
S000151,0.022000000000000002,-0.343
S000152,0.599,0.465
S000154,0.949,-0.315
S000157,-0.337,0.289
S000159,0.029,-0.575
S000160,-0.25,0.47
S000174,0.162,-0.823
S000177,0.272,-0.283
S000182,0.437,-0.453
S000187,-0.258,0.651
S000189,0.422,0.385
S000196,-0.256,0.076
S000214,0.072,-0.579
S000216,-0.421,-0.046
S000222,0.835,0.345
S000239,-0.422,-0.333
S000256,-0.636,0.528
S000261,0.275,-0.319
S000262,0.26,-0.499
S000268,0.635,0.686
S000269,0.299,-0.282
S000279,-0.19800000000000004,0.121
S000292,0.163,0.486
S000312,0.823,-0.076
S000319,0.249,0.465
S000320,0.3497777777777778,0.5895555555555556
S000334,-0.545,-0.075
S000337,-0.355,0.176
S000346,0.235,-0.35
S000348,0.807,0.133
S000349,0.589,0.307
S000362,-0.193,-0.402
S000363,-0.156,0.06
S000369,0.21,0.9780000000000001
S000371,-0.29,0.092
S000380,0.57,0.14
S000381,0.467,0.208
S000382,0.422,0.271
S000411,0.4050000000000001,0.311
S000415,-0.388,-0.38
S000417,0.313,-0.18299999999999997
S000422,0.369,-0.064
S000423,-0.397,-0.224
S000429,0.322,-0.34
S000434,0.77,-0.562
S000476,-0.49700000000000005,0.124
S000478,-0.437,0.046
S000487,-0.486,0.144
S000505,-0.143,0.714
S000506,-0.564,0.123
S000517,-0.341,-0.376
S000524,-0.222,0.239
S000526,-0.42,-0.662
S000530,-0.298,-0.137
S000534,0.425,0.024
S000551,-0.23400000000000004,-0.233
S000553,0.159,-0.873
S000557,0.014,-0.983
S000561,-0.317,-0.644
S000566,-0.047,-0.062
S000567,-0.125,0.09900000000000002
S000577,-0.406,-0.914
S000589,-0.338,-0.297
S000590,0.10000000000000002,-0.37799999999999995
S000594,0.45,-0.017
S000599,0.18099999999999997,0.025000000000000005
S000600,-0.3499999999999999,-0.789
S000602,0.245,-0.47
S000606,0.623,-0.468
S000609,0.032,0.169
S000621,0.324,0.127
S000628,0.164,-0.986
S000629,0.35,0.067
S000639,0.073,0.953
S000644,0.514,-0.212
S000663,0.091,-0.548
S000682,-0.46,0.085
S000689,0.618,0.6
S000701,-0.204,0.795
S000709,0.043687500000000004,-0.5855625
S000715,-0.398,-0.082
S000719,0.062,0.576
S000723,0.283,0.959
S000724,-0.222,0.474
S000730,0.363,-0.1
S000739,-0.18600000000000003,0.572
S000741,0.288,-0.373
S000744,0.41,-0.069
S000746,0.316,-0.489
S000747,0.122,0.024000000000000004
S000760,0.17400000000000002,0.3
S000761,0.305,0.217
S000770,-0.343,-0.019
S000776,0.055,-0.695
S000791,0.393,0.377
S000792,0.229,-0.44
S000793,0.195,-0.001
S000796,-0.41,-0.318
S000805,-0.091,0.736
S000809,-0.336,0.036
S000824,0.3,-0.067
S000826,-0.22,-0.169
S000848,0.424,0.217
S000852,-0.055999999999999994,0.9979999999999999
S000857,-0.558,-0.04
S000863,0.418,-0.166
S000872,0.289,0.123
S000888,0.219,-0.5
S000890,-0.333,-0.17699999999999996
S000894,-0.597,-0.226
S000901,-0.101,0.799
S000906,0.346,0.502
S000907,-0.304,0.65
S000917,0.388,-0.414
S000922,0.252,0.215
S000932,0.351,-0.332
S000939,-0.369,-0.295
S000941,0.742,0.196
S000942,-0.104,-0.382
S000949,-0.112,0.203
S000955,-0.232,-0.973
S000962,-0.169,0.55
S000968,-0.338,-0.183
S000972,0.192,0.498
S000992,-0.288,-0.363
S001009,0.566,0.824
S001033,-0.17600000000000002,-0.367
S001046,-0.271,-0.281
S001060,0.733,-0.082
S001062,-0.202,0.203
S001068,0.342,-0.244
S001073,-0.687,-0.663
S001078,0.47300000000000003,-0.52
S001080,0.47,-0.128
S001081,0.375,0.17699999999999996
S001094,-0.38000000000000006,-0.36000000000000004
S001116,0.274,0.142
S001117,0.046,0.999
S001136,-0.319,0.254
S001138,0.6869999999999999,0.355
S001141,0.549,0.13
S001142,0.19200000000000003,-0.21
S001150,-0.352,-0.119
S001163,-0.223,0.042
S001181,-0.221,-0.139
S001184,0.6290000000000001,0.023
S001191,-0.132,0.17966666666666667
S001194,-0.448,-0.119
S001197,0.669,-0.25
S001198,0.476,0.156
S001202,0.56,0.18
S001203,-0.409,-0.121
S001208,-0.368,0.781
S001217,0.722,-0.037
S001227,0.902,0.076
S001232,0.638,0.77
T000004,0.566,0.0
T000009,0.364,-0.692
T000010,0.278,-0.789
T000013,-0.248,0.244
T000015,-0.225,-0.355
T000017,0.131,0.616
T000024,0.364,0.098
T000026,-0.47700000000000004,-0.393
T000032,-0.17,0.8370000000000001
T000035,-0.09100000000000001,0.996
T000039,-0.262,-0.965
T000052,-0.06,-0.998
T000079,-0.999,-0.032
T000085,-0.253,-0.384
T000086,-0.767,-0.6
T000098,-0.431,-0.169
T000102,-0.014000000000000002,0.369
T000107,-0.666,-0.383
T000108,-0.05600000000000001,-0.9650000000000001
T000116,0.161,0.485
T000122,0.084,-0.75
T000131,-0.646,-0.167
T000148,0.437,0.9
T000160,-0.185,0.21400000000000002
T000162,0.446,-0.128
T000164,-0.317,0.237
T000171,0.231,0.591
T000172,0.429,0.41
T000177,-0.16,0.618
T000208,-0.072,0.75
T000220,0.567,-0.473
T000225,-0.306,0.301
T000226,-0.244,0.229
T000231,-0.269,0.076
T000241,-0.143,-0.862
T000249,-0.059,0.514
T000250,0.432,0.226
T000251,-0.37399999999999994,-0.246
T000254,0.3682916666666667,0.3795
T000256,0.34,0.069
T000259,0.125,-0.337
T000264,0.42800000000000005,-0.629
T000268,-0.357,0.376
T000274,-0.36400000000000005,-0.144
T000278,0.936,-0.35200000000000004
T000284,-0.161,0.987
T000286,0.093,0.476
T000289,0.06,-0.692
T000300,0.38400000000000006,0.064
T000313,-0.345,0.939
T000317,-0.262,-0.118
T000319,-0.405,-0.35799999999999993
T000322,0.444,-0.07
T000324,-0.017,0.228
T000330,0.328,0.205
T000335,0.49099999999999994,-0.311
T000348,0.727,0.328
T000353,-0.278,0.11400000000000002
T000367,0.263,0.036
T000377,0.509,0.861
T000380,-0.535,0.016
T000382,-0.238,-0.192
T000387,-0.36000000000000004,0.016
T000389,0.692,0.246
T000392,0.127,-0.081
T000393,-0.383,-0.498
T000409,-0.414,-0.442
T000410,-0.311,-0.212
T000412,-0.706,0.13
T000420,-0.151,0.8249999999999998
T000423,-0.47300000000000003,-0.8809999999999999
T000430,-0.706,0.12
T000432,-0.38899999999999996,0.08
T000445,-0.36000000000000004,-0.066
T000446,-0.111,-0.154
T000450,-0.004,-0.834
T000456,-0.373,-0.227
T000457,0.403,-0.678
T000461,0.624,-0.37799999999999995
T000464,-0.213,0.153
T000476,0.38599999999999995,-0.104
U000005,-0.092,0.702
U000011,0.0030000000000000005,0.299
U000013,-0.3960000000000001,-0.636
U000015,-0.257,0.6
U000025,0.45600000000000007,0.213
U000032,0.227,-0.974
U000038,-0.353,0.04900000000000001
U000039,-0.453,0.161
V000009,0.145,-0.047
V000021,-0.558,0.142
V000025,0.207,-0.172
V000037,0.40099999999999997,-0.23700000000000002
V000050,-0.115,0.19200000000000003
V000066,0.025000000000000005,-0.109
V000067,0.17600000000000002,0.038
V000070,-0.18800000000000003,0.34400000000000003
V000074,-0.068,0.063
V000083,-0.244,0.068
V000091,-0.583,0.21
V000095,-0.797,-0.36199999999999993
V000099,-0.448,-0.894
V000104,0.433,-0.264
V000116,-0.313,0.143
V000126,0.239,-0.803
V000127,0.49499999999999994,0.323
V000128,-0.398,-0.227
V000137,0.85,-0.527
W000005,0.564,0.134
W000009,0.216,-0.582
W000012,0.434,-0.15
W000017,0.486,-0.294
W000021,-0.458,-0.482
W000032,0.415,-0.769
W000043,0.183,0.155
W000052,-0.343,0.015
W000053,-0.299,-0.081
W000055,-0.112,-0.994
W000057,-0.538,0.462
W000059,-0.552,-0.834
W000061,-0.324,-0.763
W000067,-0.57,0.409
W000071,-0.256,-0.422
W000072,-0.428,0.622
W000084,-0.47700000000000004,-0.307
W000088,-0.433,-0.329
W000092,0.575,-0.388
W000096,-0.129,-0.961
W000097,-0.11,0.108
W000103,-0.452,0.05
W000104,-0.267,0.13
W000110,-0.153,0.846
W000111,-0.472,0.07
W000138,-0.649,-0.106
W000148,-0.064,-0.643
W000154,0.262,-0.131
W000159,0.259,0.493
W000160,0.327,0.042
W000164,0.48,-0.29
W000174,0.316,-0.126
W000175,0.263,-0.26
W000186,1.0,0.015
W000190,0.312,-0.224
W000198,-0.3,-0.265
W000202,0.816,-0.358
W000203,0.55,-0.044
W000205,-0.41,0.781
W000232,-0.209,0.67
W000238,0.44800000000000006,0.181
W000246,0.587,-0.518
W000248,0.432,-0.853
W000253,0.072,-0.995
W000261,0.394,0.876
W000269,0.49300000000000005,0.343
W000274,-0.3459999999999999,-0.314
W000276,0.426,-0.09200000000000001
W000279,0.148,-0.49499999999999994
W000285,-0.348,0.211
W000287,0.746,0.48500000000000004
W000288,-0.583,-0.672
W000303,0.224,0.49700000000000005
W000305,-0.095,-0.975
W000308,-0.557,0.831
W000312,0.494,-0.869
W000324,-0.308,-0.199
W000330,0.065,0.9979999999999999
W000344,0.544,0.221
W000349,-0.371,-0.629
W000351,0.263,-0.20299999999999999
W000366,-0.393,-0.919
W000368,-0.478,-0.234
W000376,-0.172,-0.182
W000392,0.605,0.189
W000394,-0.35200000000000004,0.01
W000396,0.323,-0.313
W000411,-0.633,0.274
W000429,-0.49,-0.014
W000435,-0.425,-0.815
W000437,0.377,0.341
W000447,-0.687,-0.608
W000458,-0.195,-0.632
W000465,0.169,-0.4000000000000001
W000471,-0.293,-0.306
W000475,-0.096,0.723
W000476,0.41,0.542
W000482,0.549,0.19499999999999998
W000484,0.06,-0.037
W000486,0.441,0.358
W000498,0.292,-0.242
W000499,0.81,0.361
W000502,-0.34400000000000003,-0.381
W000511,-0.421,-0.568
W000516,-0.081,0.052
W000518,0.603,-0.442
W000521,-0.313,-0.38000000000000006
W000522,-0.443,0.276
W000532,-0.20000000000000004,-0.531
W000539,-0.658,-0.223
W000540,-0.18699999999999997,-0.253
W000550,-0.121,0.372
W000561,0.4109999999999999,0.273
W000563,0.447,-0.035
W000566,0.055,-0.858
W000577,-0.515,-0.458
W000581,0.278,0.311
W000585,0.332,-0.22000000000000003
W000594,0.305,-0.303
W000595,-0.996,-0.09400000000000001
W000602,0.38999999999999996,0.18600000000000003
W000607,0.352,-0.428
W000609,-0.266,0.507
W000629,0.319,-0.065
W000633,-0.037,0.999
W000646,0.47,-0.046
W000647,-0.293,-0.315
W000658,-0.2,0.62
W000659,-0.441,0.058
W000665,-0.334,0.003
W000666,-0.069,0.998
W000667,0.18499999999999997,0.161
W000669,-0.248,-0.38199999999999995
W000709,0.48299999999999993,-0.488
W000711,-0.294,-0.326
W000743,0.232,0.482
W000750,-0.178,-0.147
W000759,0.28,-0.206
W000766,-0.144,-0.376
W000768,0.054,0.222
W000770,-0.411,-0.358
W000772,-0.092,0.545
W000779,-0.334,-0.487
W000790,-0.431,0.423
W000800,-0.401,-0.405
W000802,-0.349,-0.11200000000000002
W000803,-0.169,0.023000000000000003
W000805,-0.213,-0.037
W000817,-0.745,-0.37
W000818,-0.255,0.462
Y000006,-0.416,0.51
Y000012,0.278,0.48699999999999993
Y000046,0.395,0.145
Y000047,0.172,0.187
Y000050,-0.576,0.446
Y000053,-0.351,-0.114
Y000061,-0.561,0.428
Y000064,0.43899999999999995,-0.024
Z000013,-0.09500000000000001,0.995
